Trade #,Type,Date/Time,Signal,Price USDT,Position size (qty),Position size (value),Net P&L USDT,Net P&L %,Run-up USDT,Run-up %,Drawdown USDT,Drawdown %,Cumulative P&L USDT,Cumulative P&L %
1,Exit long,2021-03-25 08:00,TP EMA-Mid (160),52302.2,0.111142,4997.488916,810.08,16.20,1871.24,37.42,-220.16,-4.40,810.08,16.20
1,Entry long,2021-02-26 16:00,Sweep,44964.9,0.111142,4997.488916,810.08,16.20,1871.24,37.42,-220.16,-4.40,810.08,16.20
2,Exit long,2021-04-03 08:00,Hedge (BE),58967.5,0.10038,5807.043228,106.25,1.83,230.99,3.98,-102.06,-1.76,916.33,18.33
2,Entry long,2021-03-29 20:00,Breakout,57850.6,0.10038,5807.043228,106.25,1.83,230.99,3.98,-102.06,-1.76,916.33,18.33
3,Exit long,2021-04-12 16:00,Hedge (BE),59620.8,0.104753,5913.99822,325.38,5.50,507.09,8.57,-104.88,-1.77,1241.71,24.83
3,Entry long,2021-04-08 00:00,Sweep,56456.6,0.104753,5913.99822,325.38,5.50,507.09,8.57,-104.88,-1.77,1241.71,24.83
4,Exit long,2021-04-30 12:00,TP EMA-Mid (160),53678.3,0.12713,6238.675916,578.92,9.27,930.78,14.91,-42.08,-0.67,1820.62,36.41
4,Entry long,2021-04-26 08:00,Sweep,49073.2,0.12713,6238.675916,578.92,9.27,930.78,14.91,-42.08,-0.67,1820.62,36.41
5,Exit long,2021-05-11 00:00,Hedge (BE),56466.7,0.124389,6817.164023,199.75,2.93,583,8.55,-112.12,-1.64,2020.37,40.41
5,Entry long,2021-05-05 12:00,Sweep,54805.2,0.124389,6817.164023,199.75,2.93,583,8.55,-112.12,-1.64,2020.37,40.41
6,Exit long,2021-05-17 08:00,Stop Loss (HYBRID),43981.8,0.151144,7017.117145,-376.36,-5.36,25.04,0.36,-373.04,-5.31,1644.01,32.88
6,Entry long,2021-05-17 08:00,Sweep,46426.7,0.151144,7017.117145,-376.36,-5.36,25.04,0.36,-373.04,-5.31,1644.01,32.88
7,Exit long,2021-06-03 00:00,TP EMA-Mid (160),38034.7,0.187635,6641.265771,488.49,7.35,527.16,7.93,-379.21,-5.71,2132.5,42.65
7,Entry long,2021-05-29 20:00,Sweep,35394.6,0.187635,6641.265771,488.49,7.35,527.16,7.93,-379.21,-5.71,2132.5,42.65
8,Exit long,2021-06-11 00:00,Hedge (BE),36302.1,0.216319,7130.004031,715.34,10.03,1179.09,16.53,-426.01,-5.97,2847.84,56.96
8,Entry long,2021-06-08 16:00,Sweep,32960.6,0.216319,7130.004031,715.34,10.03,1179.09,16.53,-426.01,-5.97,2847.84,56.96
9,Exit long,2021-06-17 00:00,Stop Loss (HYBRID),38393.6,0.192792,7843.97387,-449.62,-5.73,118.31,1.51,-445.92,-5.68,2398.22,47.96
9,Entry long,2021-06-15 00:00,Breakout,40686.2,0.192792,7843.97387,-449.62,-5.73,118.31,1.51,-445.92,-5.68,2398.22,47.96
10,Exit long,2021-06-21 16:00,Stop Loss (HYBRID),32103.6,0.214844,7394.500792,-504.38,-6.82,360.18,4.87,-500.93,-6.77,1893.84,37.88
10,Entry long,2021-06-21 00:00,Sweep,34418,0.214844,7394.500792,-504.38,-6.82,360.18,4.87,-500.93,-6.77,1893.84,37.88
11,Exit long,2021-07-04 12:00,Hedge (BE),34647,0.198579,6890.889879,-17.61,-0.26,373.95,5.42,-400.46,-5.81,1876.23,37.52
11,Entry long,2021-06-28 08:00,Breakout,34701,0.198579,6890.889879,-17.61,-0.26,373.95,5.42,-400.46,-5.81,1876.23,37.52
12,Exit long,2021-07-13 00:00,Hedge (BE),33343.6,0.206287,6871.997574,-0.52,-0.01,270.49,3.93,-253.52,-3.69,1875.71,37.51
12,Entry long,2021-07-08 12:00,Sweep,33312.8,0.206287,6871.997574,-0.52,-0.01,270.49,3.93,-253.52,-3.69,1875.71,37.51
13,Exit long,2021-09-08 00:00,TP EMA-Weak (21),46656.2,0.231442,6872.253594,3917.12,56.97,5371.39,78.12,-83.79,-1.22,5792.82,115.86
13,Entry long,2021-07-20 20:00,Sweep,29693.2,0.231442,6872.253594,3917.12,56.97,5371.39,78.12,-83.79,-1.22,5792.82,115.86
14,Exit long,2021-09-18 00:00,Hedge (BE),46930.8,0.242499,10784.12453,585.47,5.43,966.35,8.96,-249.1,-2.31,6378.29,127.57
14,Entry long,2021-09-13 16:00,Sweep,44470.8,0.242499,10784.12453,585.47,5.43,966.35,8.96,-249.1,-2.31,6378.29,127.57
15,Exit long,2021-09-23 04:00,TP EMA-Mid (160),43406.5,0.279671,11372.56951,755.21,6.64,926.01,8.14,-31.22,-0.27,7133.5,142.67
15,Entry long,2021-09-22 08:00,Sweep,40664.1,0.279671,11372.56951,755.21,6.64,926.01,8.14,-31.22,-0.27,7133.5,142.67
16,Exit long,2021-11-16 12:00,TP EMA-Mid (160),60884.9,0.278136,12126.47928,4793.27,39.51,7061.48,58.20,-248.32,-2.05,11926.77,238.54
16,Entry long,2021-09-30 12:00,Breakout,43599.1,0.278136,12126.47928,4793.27,39.51,7061.48,58.20,-248.32,-2.05,11926.77,238.54
17,Exit long,2021-11-26 12:00,Hedge (BE),57584.3,0.301409,16919.38323,419.91,2.48,974.04,5.75,-79.32,-0.47,12346.68,246.93
17,Entry long,2021-11-23 20:00,Sweep,56134.3,0.301409,16919.38323,419.91,2.48,974.04,5.75,-79.32,-0.47,12346.68,246.93
18,Exit long,2021-12-14 00:00,Stop Loss (HYBRID),46288,0.358814,17338.78952,-746.98,-4.31,873.47,5.04,-738.68,-4.26,11599.7,231.99
18,Entry long,2021-12-11 12:00,Sweep,48322.5,0.358814,17338.78952,-746.98,-4.31,873.47,5.04,-738.68,-4.26,11599.7,231.99
19,Exit long,2021-12-28 12:00,TP EMA-Mid (160),49818.4,0.356552,16593.28829,1152.38,6.94,1951.1,11.75,-371.55,-2.24,12752.08,255.04
19,Entry long,2021-12-18 00:00,Sweep,46538.2,0.356552,16593.28829,1152.38,6.94,1951.1,11.75,-371.55,-2.24,12752.08,255.04
20,Exit long,2022-01-05 20:00,Hedge (BE),46272.9,0.383973,17741.08849,8.7,0.05,666.46,3.75,-249.78,-1.41,12760.78,255.22
20,Entry long,2022-01-01 08:00,Sweep,46204,0.383973,17741.08849,8.7,0.05,666.46,3.75,-249.78,-1.41,12760.78,255.22
21,Exit long,2022-01-13 20:00,Hedge (BE),43178.3,0.433206,17754.21146,932.66,5.25,1426.68,8.03,-175.44,-0.99,13693.44,273.87
21,Entry long,2022-01-11 00:00,Sweep,40983.3,0.433206,17754.21146,932.66,5.25,1426.68,8.03,-175.44,-0.99,13693.44,273.87
22,Exit long,2022-01-21 04:00,Stop Loss (HYBRID),40754.4,0.442329,18683.225,-674.73,-3.61,549.72,2.94,-665.71,-3.56,13018.71,260.37
22,Entry long,2022-01-18 08:00,Sweep,42238.3,0.442329,18683.225,-674.73,-3.61,549.72,2.94,-665.71,-3.56,13018.71,260.37
23,Exit long,2022-01-25 16:00,Hedge (BE),36058.8,0.526401,18011.02078,951.87,5.28,1729.8,9.60,-210.67,-1.17,13970.59,279.41
23,Entry long,2022-01-25 00:00,Sweep,34215.4,0.526401,18011.02078,951.87,5.28,1729.8,9.60,-210.67,-1.17,13970.59,279.41
24,Exit long,2022-02-09 00:00,TP EMA-Strong (366),43445.9,0.513839,18962.14923,3341.41,17.61,4396.33,23.17,-340.5,-1.79,17311.99,346.24
24,Entry long,2022-02-03 08:00,Sweep,36902.9,0.513839,18962.14923,3341.41,17.61,4396.33,23.17,-340.5,-1.79,17311.99,346.24
25,Exit long,2022-02-17 16:00,Hedge (BE),42997.7,0.531979,22300.34689,550.94,2.47,1500.73,6.73,-100.95,-0.45,17862.93,357.26
25,Entry long,2022-02-14 12:00,Sweep,41919.6,0.531979,22300.34689,550.94,2.47,1500.73,6.73,-100.95,-0.45,17862.93,357.26
26,Exit long,2022-02-22 04:00,Stop Loss (HYBRID),37338.7,0.588266,22846.48664,-903.8,-3.95,155.35,0.68,-892.82,-3.91,16959.13,339.18
26,Entry long,2022-02-22 00:00,Sweep,38837,0.588266,22846.48664,-903.8,-3.95,155.35,0.68,-892.82,-3.91,16959.13,339.18
27,Exit long,2022-03-01 16:00,Hedge (BE),43018.4,0.537535,21948.84413,1152.52,5.25,1795.47,8.18,-69.89,-0.32,18111.64,362.23
27,Entry long,2022-03-01 00:00,Breakout,40832.4,0.537535,21948.84413,1152.52,5.25,1795.47,8.18,-69.89,-0.32,18111.64,362.23
28,Exit long,2022-03-09 12:00,TP EMA-Strong (366),41217.8,0.607679,23093.62504,1929.5,8.35,2066.59,8.94,-88.48,-0.38,20041.14,400.82
28,Entry long,2022-03-08 08:00,Sweep,38003,0.607679,23093.62504,1929.5,8.35,2066.59,8.94,-88.48,-0.38,20041.14,400.82
29,Exit long,2022-03-16 20:00,Hedge (BE),40461.3,0.655965,25029.91889,1485.49,5.93,2309.08,9.22,-29.11,-0.12,21526.63,430.53
29,Entry long,2022-03-14 12:00,Sweep,38157.4,0.655965,25029.91889,1485.49,5.93,2309.08,9.22,-29.11,-0.12,21526.63,430.53
30,Exit long,2022-04-01 08:00,Hedge (BE),44417.4,0.627669,26518.51311,1333.71,5.03,3716.16,14.01,-301.67,-1.14,22860.34,457.21
30,Entry long,2022-03-22 12:00,Breakout,42249.2,0.627669,26518.51311,1333.71,5.03,3716.16,14.01,-301.67,-1.14,22860.34,457.21
31,Exit long,2022-04-06 20:00,Stop Loss (HYBRID),43824.7,0.615933,27850.45768,-884.8,-3.18,169.31,0.61,-871.3,-3.13,21975.54,439.51
31,Entry long,2022-04-06 12:00,Sweep,45216.7,0.615933,27850.45768,-884.8,-3.18,169.31,0.61,-871.3,-3.13,21975.54,439.51
32,Exit long,2022-04-11 20:00,Stop Loss (HYBRID),40752,0.639822,26970.80066,-923.3,-3.42,152.87,0.57,-910.26,-3.37,21052.24,421.04
32,Entry long,2022-04-11 08:00,Sweep,42153.6,0.639822,26970.80066,-923.3,-3.42,152.87,0.57,-910.26,-3.37,21052.24,421.04
33,Exit long,2022-04-22 04:00,Stop Loss (HYBRID),40113.2,0.627967,26034.44428,-870.29,-3.34,931.51,3.58,-857.7,-3.29,20181.95,403.64
33,Entry long,2022-04-20 00:00,Breakout,41458.3,0.627967,26034.44428,-870.29,-3.34,931.51,3.58,-857.7,-3.29,20181.95,403.64
34,Exit long,2022-04-30 08:00,Hedge (BE),38593,0.648127,25169.94723,-181.87,-0.72,1254.37,4.98,-738.94,-2.93,20000.08,400.00
34,Entry long,2022-04-25 20:00,Sweep,38834.9,0.648127,25169.94723,-181.87,-0.72,1254.37,4.98,-738.94,-2.93,20000.08,400.00
35,Exit long,2022-05-05 20:00,Stop Loss (HYBRID),38527.4,0.627034,24979.71779,-846.3,-3.39,43.07,0.17,-834.22,-3.34,19153.78,383.08
35,Entry long,2022-05-05 04:00,Breakout,39837.9,0.627034,24979.71779,-846.3,-3.39,43.07,0.17,-834.22,-3.34,19153.78,383.08
36,Exit long,2022-05-11 20:00,Stop Loss (HYBRID),29188.9,0.787796,24142.63866,-1171.31,-4.85,1562.34,6.47,-1159.81,-4.80,17982.47,359.65
36,Entry long,2022-05-10 12:00,Sweep,30645.8,0.787796,24142.63866,-1171.31,-4.85,1562.34,6.47,-1159.81,-4.80,17982.47,359.65
37,Exit long,2022-06-01 20:00,Hedge (BE),31145.7,0.78157,22964.24605,1354.65,5.90,2341.04,10.19,-1069.73,-4.66,19337.12,386.74
37,Entry long,2022-05-25 00:00,Sweep,29382.2,0.78157,22964.24605,1354.65,5.90,2341.04,10.19,-1069.73,-4.66,19337.12,386.74
38,Exit long,2022-06-07 08:00,Stop Loss (HYBRID),30068,0.778535,24329.99728,-944.88,-3.88,385.59,1.58,-933.17,-3.83,18392.24,367.84
38,Entry long,2022-06-06 12:00,Breakout,31251,0.778535,24329.99728,-944.88,-3.88,385.59,1.58,-933.17,-3.83,18392.24,367.84
39,Exit long,2022-06-12 08:00,Stop Loss (HYBRID),27420.9,0.817719,23376.46014,-976.77,-4.18,56.75,0.24,-965.56,-4.13,17415.47,348.31
39,Entry long,2022-06-12 04:00,Sweep,28587.4,0.817719,23376.46014,-976.77,-4.18,56.75,0.24,-965.56,-4.13,17415.47,348.31
40,Exit long,2022-06-22 04:00,Hedge (BE),20715.3,1.181267,22399.65736,2047.21,9.13,3216.61,14.35,-1196.96,-5.34,19462.68,389.25
40,Entry long,2022-06-19 08:00,Sweep,18962.4,1.181267,22399.65736,2047.21,9.13,3216.61,14.35,-1196.96,-5.34,19462.68,389.25
41,Exit long,2022-07-05 16:00,Hedge (BE),19924.4,1.277893,24449.5434,986.75,4.03,2211.56,9.04,-820.75,-3.36,20449.44,408.99
41,Entry long,2022-07-01 00:00,Sweep,19132.7,1.277893,24449.5434,986.75,4.03,2211.56,9.04,-820.75,-3.36,20449.44,408.99
42,Exit long,2022-07-18 16:00,TP EMA-Strong (366),22246.3,1.286397,25436.05652,3154.49,12.40,3358.29,13.20,-1106.03,-4.35,23603.93,472.08
42,Entry long,2022-07-12 20:00,Sweep,19773.1,1.286397,25436.05652,3154.49,12.40,3358.29,13.20,-1106.03,-4.35,23603.93,472.08
43,Exit long,2022-07-26 20:00,Stop Loss (HYBRID),20878.2,1.305772,28590.26967,-1356.03,-4.74,442.73,1.55,-1351.41,-4.72,22247.9,444.96
43,Entry long,2022-07-26 00:00,Sweep,21895.3,1.305772,28590.26967,-1356.03,-4.74,442.73,1.55,-1351.41,-4.72,22247.9,444.96
44,Exit long,2022-08-10 08:00,Stop Loss (HYBRID),22848.6,1.143716,27232.44982,-1126.82,-4.14,476.58,1.75,-1113.76,-4.09,21121.07,422.42
44,Entry long,2022-08-08 16:00,Breakout,23810.5,1.143716,27232.44982,-1126.82,-4.14,476.58,1.75,-1113.76,-4.09,21121.07,422.42
45,Exit long,2022-08-24 08:00,Hedge (BE),21524,1.216,26107.2768,39.77,0.15,339.83,1.30,-865.59,-3.31,21160.84,423.22
45,Entry long,2022-08-19 20:00,Sweep,21469.8,1.216,26107.2768,39.77,0.15,339.83,1.30,-865.59,-3.31,21160.84,423.22
46,Exit long,2022-09-02 16:00,Hedge (BE),20108.9,1.30618,26148.2868,91.35,0.35,693.7,2.65,-657.02,-2.51,21252.19,425.04
46,Entry long,2022-08-29 00:00,Sweep,20018.9,1.30618,26148.2868,91.35,0.35,693.7,2.65,-657.02,-2.51,21252.19,425.04
47,Exit long,2022-09-13 20:00,Hedge (BE),21106.8,1.316165,26250.12123,1502.9,5.72,3715.18,14.15,-28.39,-0.11,22755.09,455.10
47,Entry long,2022-09-09 12:00,Breakout,19944.4,1.316165,26250.12123,1502.9,5.72,3715.18,14.15,-28.39,-0.11,22755.09,455.10
48,Exit long,2022-09-26 20:00,Hedge (BE),18874.3,1.502595,27740.90889,591.47,2.13,1546.12,5.57,-164.28,-0.59,23346.56,466.93
48,Entry long,2022-09-22 08:00,Sweep,18462,1.502595,27740.90889,591.47,2.13,1546.12,5.57,-164.28,-0.59,23346.56,466.93
49,Exit long,2022-10-09 04:00,Stop Loss (HYBRID),19331.4,1.419309,28332.38819,-923.04,-3.26,663.55,2.34,-909.32,-3.21,22423.51,448.47
49,Entry long,2022-10-04 16:00,Breakout,19962.1,1.419309,28332.38819,-923.04,-3.26,663.55,2.34,-909.32,-3.21,22423.51,448.47
50,Exit long,2022-10-18 08:00,TP EMA-Strong (366),19547.4,1.446572,27409.79091,839.09,3.06,1425.92,5.20,-75.62,-0.28,23262.6,465.25
50,Entry long,2022-10-14 00:00,Sweep,18948.1,1.446572,27409.79091,839.09,3.06,1425.92,5.20,-75.62,-0.28,23262.6,465.25
51,Exit long,2022-11-08 12:00,TP EMA-Mid (160),20150.5,1.473923,28247.14473,1424.17,5.04,3405.23,12.05,-147.96,-0.52,24686.77,493.74
51,Entry long,2022-10-22 00:00,Sweep,19164.6,1.473923,28247.14473,1424.17,5.04,3405.23,12.05,-147.96,-0.52,24686.77,493.74
52,Exit long,2022-11-25 12:00,Hedge (BE),16444.7,1.881244,29672.86161,1233.33,4.15,1922.84,6.48,-317.72,-1.07,25920.09,518.40
52,Entry long,2022-11-22 08:00,Sweep,15773,1.881244,29672.86161,1233.33,4.15,1922.84,6.48,-317.72,-1.07,25920.09,518.40
53,Exit long,2022-12-02 20:00,Hedge (BE),16848.9,1.9054,30905.588,1166.8,3.77,2040.47,6.60,-249.82,-0.81,27086.9,541.74
53,Entry long,2022-11-29 04:00,Sweep,16220,1.9054,30905.588,1166.8,3.77,2040.47,6.60,-249.82,-0.81,27086.9,541.74
54,Exit long,2022-12-12 08:00,TP EMA-Mid (160),17091,1.909377,32067.98672,532.83,1.66,1039.85,3.24,-113.41,-0.35,27619.72,552.39
54,Entry long,2022-12-07 20:00,Sweep,16795,1.909377,32067.98672,532.83,1.66,1039.85,3.24,-113.41,-0.35,27619.72,552.39
55,Exit long,2022-12-25 20:00,Hedge (BE),16778.8,1.969757,32605.38762,411.94,1.26,950.85,2.91,-574.73,-1.76,28031.66,560.63
55,Entry long,2022-12-20 04:00,Sweep,16553,1.969757,32605.38762,411.94,1.26,950.85,2.91,-574.73,-1.76,28031.66,560.63
56,Exit long,2023-01-04 04:00,Hedge (BE),16635,2.004198,33014.15156,292.51,0.89,617.82,1.87,-290.08,-0.88,28324.17,566.48
56,Entry long,2022-12-30 16:00,Sweep,16472.5,2.004198,33014.15156,292.51,0.89,617.82,1.87,-290.08,-0.88,28324.17,566.48
57,Exit long,2023-02-10 04:00,TP EMA-Weak (21),22023.5,1.90967,33308.46414,8711.47,26.14,12976.74,38.94,-236.27,-0.71,37035.64,740.71
57,Entry long,2023-01-11 04:00,Breakout,17442,1.90967,33308.46414,8711.47,26.14,12976.74,38.94,-236.27,-0.71,37035.64,740.71
58,Exit long,2023-02-25 12:00,TP EMA-Mid (160),23065.5,1.945076,42020.44937,2800.26,6.66,7061.98,16.80,-504.36,-1.20,39835.9,796.72
58,Entry long,2023-02-13 20:00,Sweep,21603.5,1.945076,42020.44937,2800.26,6.66,7061.98,16.80,-504.36,-1.20,39835.9,796.72
59,Exit long,2023-03-09 04:00,Stop Loss (HYBRID),21645.5,2.007727,44817.48596,-1403.37,-3.13,115.12,0.26,-1381.64,-3.08,38432.53,768.65
59,Entry long,2023-03-08 00:00,Sweep,22322.5,2.007727,44817.48596,-1403.37,-3.13,115.12,0.26,-1381.64,-3.08,38432.53,768.65
60,Exit long,2023-04-20 20:00,TP EMA-Weak (21),28598,1.973533,43412.79217,12976.38,29.88,17756.87,40.88,-366.09,-0.84,51408.91,1028.18
60,Entry long,2023-03-13 08:00,Breakout,21997.5,1.973533,43412.79217,12976.38,29.88,17756.87,40.88,-366.09,-0.84,51408.91,1028.18
61,Exit long,2023-04-27 00:00,Hedge (BE),28449.8,2.059908,56380.71191,2165.77,3.84,5422.33,9.61,-417.51,-0.74,53574.67,1071.49
61,Entry long,2023-04-25 04:00,Sweep,27370.5,2.059908,56380.71191,2165.77,3.84,5422.33,9.61,-417.51,-0.74,53574.67,1071.49
62,Exit long,2023-05-05 12:00,Hedge (BE),29076.8,2.086882,58545.38763,2074.85,3.54,3030.1,5.17,-429.95,-0.73,55649.52,1112.99
62,Entry long,2023-05-02 08:00,Sweep,28054,2.086882,58545.38763,2074.85,3.54,3030.1,5.17,-429.95,-0.73,55649.52,1112.99
63,Exit long,2023-05-11 00:00,Stop Loss (HYBRID),26947.5,2.191742,60619.20024,-1617.07,-2.67,1393.45,2.30,-1587.54,-2.62,54032.45,1080.65
63,Entry long,2023-05-09 08:00,Sweep,27658,2.191742,60619.20024,-1617.07,-2.67,1393.45,2.30,-1587.54,-2.62,54032.45,1080.65
64,Exit long,2023-05-17 16:00,Stop Loss (HYBRID),26724.8,2.152842,59002.94069,-1526.94,-2.59,558.22,0.95,-1498.17,-2.54,52505.51,1050.11
64,Entry long,2023-05-15 16:00,Breakout,27407,2.152842,59002.94069,-1526.94,-2.59,558.22,0.95,-1498.17,-2.54,52505.51,1050.11
65,Exit long,2023-05-24 08:00,Stop Loss (HYBRID),26713.5,2.099822,57476.95773,-1440.15,-2.50,222.61,0.39,-1412.1,-2.46,51065.36,1021.31
65,Entry long,2023-05-23 12:00,Breakout,27372.3,2.099822,57476.95773,-1440.15,-2.50,222.61,0.39,-1412.1,-2.46,51065.36,1021.31
66,Exit long,2023-06-02 08:00,Stop Loss (HYBRID),26548.1,2.06081,56037.33944,-1382.12,-2.47,2578.7,4.60,-1354.77,-2.42,49683.24,993.66
66,Entry long,2023-05-28 12:00,Breakout,27191.9,2.06081,56037.33944,-1382.12,-2.47,2578.7,4.60,-1354.77,-2.42,49683.24,993.66
67,Exit long,2023-06-07 16:00,TP EMA-Mid (160),26794.2,2.097568,54655.90986,1491.32,2.73,2745.24,5.02,-30.05,-0.05,51174.56,1023.49
67,Entry long,2023-06-07 00:00,Sweep,26056.8,2.097568,54655.90986,1491.32,2.73,2745.24,5.02,-30.05,-0.05,51174.56,1023.49
68,Exit long,2023-07-18 04:00,TP EMA-Mid (160),29877.3,2.128445,56146.4635,7385.86,13.15,11595.58,20.64,-451.85,-0.80,58560.41,1171.21
68,Entry long,2023-06-17 04:00,Breakout,26379.1,2.128445,56146.4635,7385.86,13.15,11595.58,20.64,-451.85,-0.80,58560.41,1171.21
69,Exit long,2023-07-29 12:00,Hedge (BE),29361.9,2.184654,63528.64599,553.11,0.87,1256.09,1.98,-247.61,-0.39,59113.52,1182.27
69,Entry long,2023-07-25 00:00,Sweep,29079.5,2.184654,63528.64599,553.11,0.87,1256.09,1.98,-247.61,-0.39,59113.52,1182.27
70,Exit long,2023-08-02 20:00,Stop Loss (HYBRID),29179.1,2.157582,64081.47995,-1188.7,-1.85,687.3,1.07,-1157.22,-1.80,57924.83,1158.50
70,Entry long,2023-08-02 08:00,Breakout,29700.6,2.157582,64081.47995,-1188.7,-1.85,687.3,1.07,-1157.22,-1.80,57924.83,1158.50
71,Exit long,2023-08-10 00:00,Hedge (BE),29588.4,2.180179,62893.36776,1550.94,2.46,2976.76,4.73,-385.51,-0.61,59475.77,1189.52
71,Entry long,2023-08-08 00:00,Sweep,28847.8,2.180179,62893.36776,1550.94,2.46,2976.76,4.73,-385.51,-0.61,59475.77,1189.52
72,Exit long,2023-08-17 04:00,Stop Loss (HYBRID),28898.6,2.193128,64443.53109,-1129.11,-1.75,626.37,0.97,-1097.42,-1.70,58346.65,1166.93
72,Entry long,2023-08-14 12:00,Sweep,29384.3,2.193128,64443.53109,-1129.11,-1.75,626.37,0.97,-1097.42,-1.70,58346.65,1166.93
73,Exit long,2023-08-28 04:00,Hedge (BE),26115.4,2.431339,63315.47143,116.51,0.18,1823.94,2.88,-698.57,-1.10,58463.17,1169.26
73,Entry long,2023-08-23 08:00,Sweep,26041.4,2.431339,63315.47143,116.51,0.18,1823.94,2.88,-698.57,-1.10,58463.17,1169.26
74,Exit long,2023-09-02 00:00,Stop Loss (HYBRID),25480.9,2.446578,63432.67246,-1154.55,-1.82,479.62,0.76,-1123.38,-1.77,57308.62,1146.17
74,Entry long,2023-09-01 08:00,Sweep,25927.1,2.446578,63432.67246,-1154.55,-1.82,479.62,0.76,-1123.38,-1.77,57308.62,1146.17
75,Exit long,2023-09-08 16:00,Hedge (BE),25891,2.435072,62276.9664,706.82,1.13,2058.64,3.30,-547.37,-0.88,58015.44,1160.31
75,Entry long,2023-09-07 00:00,Sweep,25575,2.435072,62276.9664,706.82,1.13,2058.64,3.30,-547.37,-0.88,58015.44,1160.31
76,Exit long,2023-09-13 04:00,Hedge (BE),25840.2,2.504302,62983.94659,1663.87,2.64,3496.82,5.55,-114.63,-0.18,59679.31,1193.59
76,Entry long,2023-09-12 08:00,Sweep,25150.3,2.504302,62983.94659,1663.87,2.64,3496.82,5.55,-114.63,-0.18,59679.31,1193.59
77,Exit long,2023-09-19 00:00,Stop Loss (HYBRID),26692.5,2.377968,64647.20025,-1237.35,-1.91,479.18,0.74,-1205.61,-1.86,58441.96,1168.84
77,Entry long,2023-09-18 20:00,Breakout,27185.9,2.377968,64647.20025,-1237.35,-1.91,479.18,0.74,-1205.61,-1.86,58441.96,1168.84
78,Exit long,2023-09-29 20:00,TP EMA-Strong (366),26964.5,2.399004,63410.47373,1213.42,1.91,2072.7,3.27,-1126.37,-1.78,59655.38,1193.11
78,Entry long,2023-09-25 04:00,Sweep,26432,2.399004,63410.47373,1213.42,1.91,2072.7,3.27,-1126.37,-1.78,59655.38,1193.11
79,Exit long,2023-12-12 04:00,TP EMA-Weak (21),40775.3,2.415734,64622.81709,33797.9,52.27,43436.41,67.18,-556.28,-0.86,93453.28,1869.07
79,Entry long,2023-10-12 04:00,Sweep,26750.8,2.415734,64622.81709,33797.9,52.27,43436.41,67.18,-556.28,-0.86,93453.28,1869.07
80,Exit long,2023-12-19 20:00,Hedge (BE),42574.9,2.395874,98403.57652,3500.32,3.56,5755.76,5.85,-1321.65,-1.34,96953.59,1939.07
80,Entry long,2023-12-18 12:00,Sweep,41072.1,2.395874,98403.57652,3500.32,3.56,5755.76,5.85,-1321.65,-1.34,96953.59,1939.07
81,Exit long,2023-12-27 00:00,Stop Loss (HYBRID),41705.4,2.382606,101903.8204,-2636.92,-2.59,80.33,0.08,-2587.24,-2.54,94316.67,1886.33
81,Entry long,2023-12-26 16:00,Sweep,42769.9,2.382606,101903.8204,-2636.92,-2.59,80.33,0.08,-2587.24,-2.54,94316.67,1886.33
82,Exit long,2024-01-03 04:00,Hedge (BE),45044.9,2.280192,99267.70268,3342.33,3.37,5355.33,5.39,-357,-0.36,97659,1953.18
82,Entry long,2024-01-02 04:00,Breakout,43534.8,2.280192,99267.70268,3342.33,3.37,5355.33,5.39,-357,-0.36,97659,1953.18
83,Exit long,2024-01-09 20:00,Stop Loss (HYBRID),45879.8,2.183746,102610.0754,-2521.65,-2.46,483.93,0.47,-2471.55,-2.41,95137.36,1902.75
83,Entry long,2024-01-09 04:00,Breakout,46988.1,2.183746,102610.0754,-2521.65,-2.46,483.93,0.47,-2471.55,-2.41,95137.36,1902.75
84,Exit long,2024-01-23 00:00,Stop Loss (HYBRID),40262.4,2.42314,100086.5861,-2623.98,-2.62,2060.75,2.06,-2585.13,-2.58,92513.38,1850.27
84,Entry long,2024-01-19 08:00,Sweep,41304.5,2.42314,100086.5861,-2623.98,-2.62,2060.75,2.06,-2585.13,-2.58,92513.38,1850.27
85,Exit long,2024-01-31 04:00,Hedge (BE),42682.9,2.361771,97470.76152,3237.34,3.32,6161.07,6.32,-920.7,-0.94,95750.71,1915.01
85,Entry long,2024-01-26 20:00,Breakout,41270.2,2.361771,97470.76152,3237.34,3.32,6161.07,6.32,-920.7,-0.94,95750.71,1915.01
86,Exit long,2024-03-19 20:00,TP EMA-Weak (21),63104.1,2.309143,100701.2644,44891.92,44.56,69763.59,69.24,-51.27,-0.05,140642.62,2812.85
86,Entry long,2024-02-08 04:00,Breakout,43609.8,2.309143,100701.2644,44891.92,44.56,69763.59,69.24,-51.27,-0.05,140642.62,2812.85
87,Exit long,2024-03-29 20:00,Hedge (BE),69094,2.164993,145566.1188,3874.33,2.66,9915.84,6.81,-1885.53,-1.29,144516.97,2890.34
87,Entry long,2024-03-25 08:00,Breakout,67236.3,2.164993,145566.1188,3874.33,2.66,9915.84,6.81,-1885.53,-1.29,144516.97,2890.34
88,Exit long,2024-04-09 20:00,Hedge (BE),69298.1,2.267144,149431.5419,7523.96,5.03,15633.42,10.46,-3388.83,-2.27,152040.92,3040.82
88,Entry long,2024-04-03 04:00,Sweep,65911.8,2.267144,149431.5419,7523.96,5.03,15633.42,10.46,-3388.83,-2.27,152040.92,3040.82
89,Exit long,2024-04-17 20:00,Stop Loss (HYBRID),61350.5,2.455911,156962.1838,-6444.63,-4.10,7081.73,4.51,-6369.3,-4.06,145596.28,2911.93
89,Entry long,2024-04-14 08:00,Sweep,63912,2.455911,156962.1838,-6444.63,-4.10,7081.73,4.51,-6369.3,-4.06,145596.28,2911.93
90,Exit long,2024-04-30 16:00,Hedge (BE),63108,2.358775,150520.9808,-1813.1,-1.20,3311.94,2.20,-4960.28,-3.29,143783.19,2875.66
90,Entry long,2024-04-25 20:00,Sweep,63813.2,2.358775,150520.9808,-1813.1,-1.20,3311.94,2.20,-4960.28,-3.29,143783.19,2875.66
91,Exit long,2024-05-14 00:00,Hedge (BE),62985.4,2.3889,148710.4583,1605.78,1.08,2753.62,1.85,-5128.79,-3.45,145388.97,2907.78
91,Entry long,2024-05-09 00:00,Sweep,62250.6,2.3889,148710.4583,1605.78,1.08,2753.62,1.85,-5128.79,-3.45,145388.97,2907.78
92,Exit long,2024-05-21 20:00,Hedge (BE),69881.3,2.237215,150314.0014,5872.16,3.90,10853.64,7.22,-3040.14,-2.02,151261.12,3025.22
92,Entry long,2024-05-18 00:00,Breakout,67188,2.237215,150314.0014,5872.16,3.90,10853.64,7.22,-3040.14,-2.02,151261.12,3025.22
93,Exit long,2024-05-28 08:00,Stop Loss (HYBRID),68499.6,2.218149,156183.1983,-4394.94,-2.81,618.63,0.40,-4318.97,-2.76,146866.19,2937.32
93,Entry long,2024-05-28 00:00,Breakout,70411.5,2.218149,156183.1983,-4394.94,-2.81,618.63,0.40,-4318.97,-2.76,146866.19,2937.32
94,Exit long,2024-06-08 00:00,Hedge (BE),70087,2.243457,151799.4797,5283.17,3.48,9765.7,6.43,-1047.54,-0.69,152149.36,3042.99
94,Entry long,2024-06-01 04:00,Sweep,67663.2,2.243457,151799.4797,5283.17,3.48,9765.7,6.43,-1047.54,-0.69,152149.36,3042.99
95,Exit long,2024-06-21 16:00,Stop Loss (HYBRID),63862.3,2.399537,157070.8126,-3986.02,-2.54,2308.76,1.47,-3909.4,-2.49,148163.34,2963.27
95,Entry long,2024-06-18 12:00,Sweep,65458.8,2.399537,157070.8126,-3986.02,-2.54,2308.76,1.47,-3909.4,-2.49,148163.34,2963.27
96,Exit long,2024-06-29 20:00,Hedge (BE),61077.9,2.5411,153087.0448,1963.86,1.28,5529.38,3.61,-639.14,-0.42,150127.2,3002.54
96,Entry long,2024-06-25 08:00,Sweep,60244.4,2.5411,153087.0448,1963.86,1.28,5529.38,3.61,-639.14,-0.42,150127.2,3002.54
97,Exit long,2024-07-04 08:00,Stop Loss (HYBRID),58811.8,2.569021,155049.152,-4113.47,-2.65,834.99,0.54,-4037.93,-2.60,146013.73,2920.27
97,Entry long,2024-07-03 20:00,Sweep,60353.4,2.569021,155049.152,-4113.47,-2.65,834.99,0.54,-4037.93,-2.60,146013.73,2920.27
98,Exit long,2024-07-17 20:00,Hedge (BE),64705.8,2.410111,150938.2626,4856.45,3.22,8312.44,5.50,-891.05,-0.59,150870.19,3017.40
98,Entry long,2024-07-15 12:00,Breakout,62627.1,2.410111,150938.2626,4856.45,3.22,8312.44,5.50,-891.05,-0.59,150870.19,3017.40
99,Exit long,2024-07-23 12:00,Stop Loss (HYBRID),66463.2,2.28601,155792.2673,-4010.59,-2.57,666.2,0.43,-3934.62,-2.52,146859.6,2937.19
99,Entry long,2024-07-22 08:00,Breakout,68150.3,2.28601,155792.2673,-4010.59,-2.57,666.2,0.43,-3934.62,-2.52,146859.6,2937.19
100,Exit long,2024-08-03 04:00,Stop Loss (HYBRID),61576.5,2.394442,151764.2834,-4472.53,-2.95,5303.71,3.49,-4398.81,-2.90,142387.06,2847.74
100,Entry long,2024-08-02 04:00,Sweep,63381.9,2.394442,151764.2834,-4472.53,-2.95,5303.71,3.49,-4398.81,-2.90,142387.06,2847.74
101,Exit long,2024-08-27 20:00,Stop Loss (HYBRID),61944.9,2.316197,147315.2248,-3984.03,-2.70,3307.06,2.24,-3912.29,-2.65,138403.05,2768.06
101,Entry long,2024-08-24 04:00,Breakout,63602.2,2.316197,147315.2248,-3984.03,-2.70,3307.06,2.24,-3912.29,-2.65,138403.05,2768.06
102,Exit long,2024-09-04 08:00,Stop Loss (HYBRID),56536,2.463271,143330.8423,-4208.65,-2.93,3923.02,2.74,-4139.02,-2.89,134194.39,2683.89
102,Entry long,2024-09-02 00:00,Sweep,58187.2,2.463271,143330.8423,-4208.65,-2.93,3923.02,2.74,-4139.02,-2.89,134194.39,2683.89
103,Exit long,2024-09-14 20:00,TP EMA-Strong (366),59690.3,2.43766,139124.3254,6238.02,4.48,8600.71,6.18,-3826.73,-2.75,140432.4,2808.65
103,Entry long,2024-09-10 04:00,Breakout,57072.9,2.43766,139124.3254,6238.02,4.48,8600.71,6.18,-3826.73,-2.75,140432.4,2808.65
104,Exit long,2024-09-24 08:00,Hedge (BE),62846.9,2.354213,145359.4692,2448.86,1.68,7027.86,4.83,-524.92,-0.36,142881.27,2857.63
104,Entry long,2024-09-19 08:00,Breakout,61744.4,2.354213,145359.4692,2448.86,1.68,7027.86,4.83,-524.92,-0.36,142881.27,2857.63
105,Exit long,2024-10-08 04:00,Hedge (BE),62237.7,2.45623,147789.1485,4930.63,3.33,10440.98,7.06,-904.35,-0.61,147811.89,2956.24
105,Entry long,2024-10-03 04:00,Sweep,60169.1,2.45623,147789.1485,4930.63,3.33,10440.98,7.06,-904.35,-0.61,147811.89,2956.24
106,Exit long,2024-12-20 04:00,TP EMA-Mid (160),97178.8,2.454576,152735.5007,85601.62,56.02,113204.28,74.08,-557.96,-0.37,233413.52,4668.27
106,Entry long,2024-10-12 00:00,Breakout,62224.8,2.454576,152735.5007,85601.62,56.02,113204.28,74.08,-557.96,-0.37,233413.52,4668.27
107,Exit long,2024-12-26 16:00,Stop Loss (HYBRID),95213,2.424926,238293.8406,-7643.95,-3.21,3997.17,1.68,-7528.51,-3.16,225769.56,4515.39
107,Entry long,2024-12-25 00:00,Breakout,98268.5,2.424926,238293.8406,-7643.95,-3.21,3997.17,1.68,-7528.51,-3.16,225769.56,4515.39
108,Exit long,2025-01-03 16:00,TP EMA-Mid (160),96297.6,2.461283,230654.706,6127.1,2.66,10011.13,4.34,-5544.92,-2.40,231896.67,4637.93
108,Entry long,2024-12-30 08:00,Sweep,93713.2,2.461283,230654.706,6127.1,2.66,10011.13,4.34,-5544.92,-2.40,231896.67,4637.93
109,Exit long,2025-01-10 04:00,Stop Loss (HYBRID),91306.6,2.513116,236773.2239,-7542.26,-3.18,1012.01,0.43,-7427.53,-3.14,224354.4,4487.09
109,Entry long,2025-01-10 00:00,Sweep,94215,2.513116,236773.2239,-7542.26,-3.18,1012.01,0.43,-7427.53,-3.14,224354.4,4487.09
110,Exit long,2025-01-27 16:00,TP EMA-Mid (160),99002.9,2.488893,229239.7387,16930.06,7.38,44306.4,19.32,-2321.27,-1.01,241284.47,4825.69
110,Entry long,2025-01-14 00:00,Sweep,92105.1,2.488893,229239.7387,16930.06,7.38,44306.4,19.32,-2321.27,-1.01,241284.47,4825.69
111,Exit long,2025-02-03 00:00,Stop Loss (HYBRID),97277.6,2.446815,246160.8443,-8382.64,-3.40,1910.96,0.78,-8263.63,-3.36,232901.81,4658.04
111,Entry long,2025-02-02 08:00,Sweep,100604.6,2.446815,246160.8443,-8382.64,-3.40,1910.96,0.78,-8263.63,-3.36,232901.81,4658.04
112,Exit long,2025-02-14 20:00,Hedge (BE),96871.6,2.465615,237781.445,828.31,0.35,4881.62,2.05,-6083.95,-2.56,233730.12,4674.60
112,Entry long,2025-02-10 08:00,Sweep,96439,2.465615,237781.445,828.31,0.35,4881.62,2.05,-6083.95,-2.56,233730.12,4674.60
113,Exit long,2025-02-22 00:00,Stop Loss (HYBRID),95490.9,2.425306,238610.8204,-7251.27,-3.04,2452,1.03,-7135.47,-2.99,226478.86,4529.58
113,Entry long,2025-02-21 04:00,Breakout,98383.8,2.425306,238610.8204,-7251.27,-3.04,2452,1.03,-7135.47,-2.99,226478.86,4529.58
114,Exit long,2025-02-25 20:00,Stop Loss (HYBRID),86272.5,2.593243,231366.5472,-7868.54,-3.40,672.4,0.29,-7756.67,-3.35,218610.33,4372.21
114,Entry long,2025-02-25 20:00,Sweep,89219,2.593243,231366.5472,-7868.54,-3.40,672.4,0.29,-7756.67,-3.35,218610.33,4372.21
115,Exit long,2025-03-03 16:00,Hedge (BE),91696.6,2.556861,223503.402,10723.08,4.80,19211.22,8.59,-440.05,-0.20,229333.4,4586.67
115,Entry long,2025-03-03 00:00,Breakout,87413.2,2.556861,223503.402,10723.08,4.80,19211.22,8.59,-440.05,-0.20,229333.4,4586.67
116,Exit long,2025-03-24 16:00,Hedge (BE),86850.6,2.742377,234226.1453,3714.74,1.59,5418.38,2.31,-6314.61,-2.69,233048.14,4660.96
116,Entry long,2025-03-20 04:00,Breakout,85409.9,2.742377,234226.1453,3714.74,1.59,5418.38,2.31,-6314.61,-2.69,233048.14,4660.96
117,Exit long,2025-04-03 08:00,Hedge (BE),82489,2.875527,237929.1555,-967.37,-0.41,16436.02,6.90,-4448.07,-1.87,232080.77,4641.62
117,Entry long,2025-03-30 04:00,Sweep,82742.8,2.875527,237929.1555,-967.37,-0.41,16436.02,6.90,-4448.07,-1.87,232080.77,4641.62
118,Exit long,2025-05-31 12:00,TP EMA-Mid (160),103646.3,2.717928,236955.2143,44488.64,18.77,67195.63,28.34,-2353.43,-0.99,276569.4,5531.39
118,Entry long,2025-04-21 12:00,Breakout,87182.3,2.717928,236955.2143,44488.64,18.77,67195.63,28.34,-2353.43,-0.99,276569.4,5531.39
119,Exit long,2025-06-13 08:00,Stop Loss (HYBRID),105294.8,2.613079,281428.0857,-6562.74,-2.33,7516.39,2.67,-6425.17,-2.28,270006.66,5400.13
119,Entry long,2025-06-09 20:00,Breakout,107699.8,2.613079,281428.0857,-6562.74,-2.33,7516.39,2.67,-6425.17,-2.28,270006.66,5400.13
120,Exit long,2025-06-17 08:00,Stop Loss (HYBRID),106160,2.531206,274869.2282,-6428.19,-2.34,709,0.26,-6293.83,-2.29,263578.47,5271.57
120,Entry long,2025-06-17 04:00,Breakout,108592.2,2.531206,274869.2282,-6428.19,-2.34,709,0.26,-6293.83,-2.29,263578.47,5271.57
121,Exit long,2025-07-02 04:00,TP EMA-Mid (160),105341.6,2.660437,268444.7444,11535.6,4.30,20735.84,7.72,-3649.99,-1.36,275114.06,5502.28
121,Entry long,2025-06-23 08:00,Sweep,100902.5,2.660437,268444.7444,11535.6,4.30,20735.84,7.72,-3649.99,-1.36,275114.06,5502.28
122,Exit long,2025-08-01 08:00,TP EMA-Mid (160),115694.5,2.572109,279974.0647,17316.02,6.18,36872.66,13.16,-3885.75,-1.39,292430.1,5848.60
122,Entry long,2025-07-07 00:00,Breakout,108850,2.572109,279974.0647,17316.02,6.18,36872.66,13.16,-3885.75,-1.39,292430.1,5848.60
123,Exit long,2025-08-11 20:00,Hedge (BE),119482.7,2.552547,297281.8758,7402.2,2.49,14833.79,4.99,-2450.27,-0.82,299832.28,5996.65
123,Entry long,2025-08-07 20:00,Breakout,116464.8,2.552547,297281.8758,7402.2,2.49,14833.79,4.99,-2450.27,-0.82,299832.28,5996.65
124,Exit long,2025-08-18 08:00,Stop Loss (HYBRID),115235.4,2.59919,304679.9109,-5463.31,-1.79,3257.54,1.07,-5313.55,-1.74,294368.97,5887.38
124,Entry long,2025-08-16 00:00,Sweep,117221.1,2.59919,304679.9109,-5463.31,-1.79,3257.54,1.07,-5313.55,-1.74,294368.97,5887.38
125,Exit long,2025-08-24 20:00,Stop Loss (HYBRID),114421.4,2.572354,299219.5613,-5183.99,-1.73,2578.37,0.86,-5036.82,-1.68,289185,5783.70
125,Entry long,2025-08-23 00:00,Breakout,116321.3,2.572354,299219.5613,-5183.99,-1.73,2578.37,0.86,-5036.82,-1.68,289185,5783.70
126,Exit long,2025-08-29 12:00,Stop Loss (HYBRID),111186.6,2.600133,294037.8604,-5229.48,-1.78,745.09,0.25,-5084.93,-1.73,283955.5,5679.11
126,Entry long,2025-08-28 16:00,Breakout,113085.7,2.600133,294037.8604,-5229.48,-1.78,745.09,0.25,-5084.93,-1.73,283955.5,5679.11
127,Exit long,2025-09-02 20:00,Stop Loss (HYBRID),108401,2.618556,288811.0155,-5243.26,-1.81,840.17,0.29,-5101.33,-1.77,278712.25,5574.25
127,Entry long,2025-09-02 12:00,Breakout,110294,2.618556,288811.0155,-5243.26,-1.81,840.17,0.29,-5101.33,-1.77,278712.25,5574.25
128,Exit long,2025-09-15 16:00,Hedge (BE),114642.9,2.531612,283570.9233,6373.52,2.25,11815.52,4.16,-3420.22,-1.21,285085.78,5701.72
128,Entry long,2025-09-08 20:00,Breakout,112012,2.531612,283570.9233,6373.52,2.25,11815.52,4.16,-3420.22,-1.21,285085.78,5701.72
129,Exit long,2025-09-25 20:00,Stop Loss (HYBRID),110801.8,2.576278,289940.2516,-4771.71,-1.64,3333.01,1.15,-4628.98,-1.60,280314.06,5606.28
129,Entry long,2025-09-24 16:00,Sweep,112542.3,2.576278,289940.2516,-4771.71,-1.64,3333.01,1.15,-4628.98,-1.60,280314.06,5606.28